workload,variant,structure,n,time_ms,steps,moves,comparisons
W1,-,DynamicArray,100,0.619,10000,0,0
W1,-,MyLinkedList,100,0.612,502068,0,0
W2,-,DynamicArray,100,0.475,75238,0,75238
W2,-,MyLinkedList,100,0.475,75238,0,75238
W3,head,DynamicArray,100,1.728,1000,1201920,0
W3,head,MyLinkedList,100,0.164,1000,2000,0
W3,middle,DynamicArray,100,0.188,1000,1101920,0
W3,middle,MyLinkedList,100,0.386,99000,3000,0
W4,-,MinHeap,100,0.104,100,1242,1048
W1,-,DynamicArray,1000,0.128,10000,0,0
W1,-,MyLinkedList,1000,7.327,4953268,0,0
W2,-,DynamicArray,1000,0.678,757638,0,757638
W2,-,MyLinkedList,1000,1.525,757638,0,757638
W3,head,DynamicArray,1000,0.284,1000,3001024,0
W3,head,MyLinkedList,1000,0.098,1000,2000,0
W3,middle,DynamicArray,1000,0.158,1000,2001024,0
W3,middle,MyLinkedList,1000,1.558,999000,3000,0
W4,-,MinHeap,1000,0.343,1000,19144,17223
W1,-,DynamicArray,10000,0.203,10000,0,0
W1,-,MyLinkedList,10000,79.401,49618268,0,0
W2,-,DynamicArray,10000,3.074,7489792,0,7489792
W2,-,MyLinkedList,10000,14.342,7489792,0,7489792
W3,head,DynamicArray,10000,1.177,1000,21000000,0
W3,head,MyLinkedList,10000,0.023,1000,2000,0
W3,middle,DynamicArray,10000,0.641,1000,11000000,0
W3,middle,MyLinkedList,10000,19.297,9999000,3000,0
W4,-,MinHeap,10000,1.53,10000,259074,239283
W1,-,DynamicArray,100000,0.119,10000,0,0
W1,-,MyLinkedList,100000,1735.022,493288268,0,0
W2,-,DynamicArray,100000,41.904,74253877,0,74253877
W2,-,MyLinkedList,100000,365.227,74253877,0,74253877
W3,head,DynamicArray,100000,27.56,1000,201000000,0
W3,head,MyLinkedList,100000,0.09,1000,2000,0
W3,middle,DynamicArray,100000,8.203,1000,101000000,0
W3,middle,MyLinkedList,100000,347.695,99999000,3000,0
W4,-,MinHeap,100000,15.147,100000,3258612,3060144
